name,month,year,path
January,January,2007,/bulletins/2007/January.pdf
February,February,2007,/bulletins/2007/February.pdf
March,March,2007,/bulletins/2007/March.pdf
April,April,2007,/bulletins/2007/April.pdf
May,May,2007,/bulletins/2007/May.pdf
June,June,2007,/bulletins/2007/June.pdf
July,July,2007,/bulletins/2007/July.pdf
August,August,2007,/bulletins/2007/August.pdf
September,September,2007,/bulletins/2007/September.pdf
October,October,2007,/bulletins/2007/October.pdf
November,November,2007,/bulletins/2007/November.pdf
December,December,2007,/bulletins/2007/December.pdf
January,January,2008,/bulletins/2008/January.pdf
February,February,2008,/bulletins/2008/February.pdf
March,March,2008,/bulletins/2008/March.pdf
April,April,2008,/bulletins/2008/April.pdf
May,May,2008,/bulletins/2008/May.pdf
June,June,2008,/bulletins/2008/June.pdf
July,July,2008,/bulletins/2008/July.pdf
August,August,2008,/bulletins/2008/August.pdf
September,September,2008,/bulletins/2008/September.pdf
October,October,2008,/bulletins/2008/October.pdf
November,November,2008,/bulletins/2008/November.pdf
December,December,2008,/bulletins/2008/December.pdf
January,January,2009,/bulletins/2009/January.pdf
February,February,2009,/bulletins/2009/February.pdf
March,March,2009,/bulletins/2009/March.pdf
April,April,2009,/bulletins/2009/April.pdf
May,May,2009,/bulletins/2009/May.pdf
June,June,2009,/bulletins/2009/June.pdf
July,July,2009,/bulletins/2009/July.pdf
August,August,2009,/bulletins/2009/August.pdf
September,September,2009,/bulletins/2009/September.pdf
October,October,2009,/bulletins/2009/October.pdf
November,November,2009,/bulletins/2009/November.pdf
December,December,2009,/bulletins/2009/December.pdf
January,January,2010,/bulletins/2010/January.pdf
February,February,2010,/bulletins/2010/February.pdf
March,March,2010,/bulletins/2010/March.pdf
April,April,2010,/bulletins/2010/April.pdf
May,May,2010,/bulletins/2010/May.pdf
June,June,2010,/bulletins/2010/June.pdf
July,July,2010,/bulletins/2010/July.pdf
August,August,2010,/bulletins/2010/August.pdf
September,September,2010,/bulletins/2010/September.pdf
October,October,2010,/bulletins/2010/October.pdf
November,November,2010,/bulletins/2010/November.pdf
December,December,2010,/bulletins/2010/December.pdf
January,January,2011,/bulletins/2011/January.pdf
February,February,2011,/bulletins/2011/February.pdf
March,March,2011,/bulletins/2011/March.pdf
April,April,2011,/bulletins/2011/April.pdf
May,May,2011,/bulletins/2011/May.pdf
June,June,2011,/bulletins/2011/June.pdf
July,July,2011,/bulletins/2011/July.pdf
August,August,2011,/bulletins/2011/August.pdf
September,September,2011,/bulletins/2011/September.pdf
October,October,2011,/bulletins/2011/October.pdf
November,November,2011,/bulletins/2011/November.pdf
December,December,2011,/bulletins/2011/December.pdf
January,January,2012,/bulletins/2012/January.pdf
February,February,2012,/bulletins/2012/February.pdf
March,March,2012,/bulletins/2012/March.pdf
April,April,2012,/bulletins/2012/April.pdf
May,May,2012,/bulletins/2012/May.pdf
June,June,2012,/bulletins/2012/June.pdf
July,July,2012,/bulletins/2012/July.pdf
August,August,2012,/bulletins/2012/August.pdf
September,September,2012,/bulletins/2012/September.pdf
October,October,2012,/bulletins/2012/October.pdf
November,November,2012,/bulletins/2012/November.pdf
December,December,2012,/bulletins/2012/December.pdf
January,January,2013,/bulletins/2013/January.pdf
February,February,2013,/bulletins/2013/February.pdf
March,March,2013,/bulletins/2013/March.pdf
April,April,2013,/bulletins/2013/April.pdf
May,May,2013,/bulletins/2013/May.pdf
June,June,2013,/bulletins/2013/June.pdf
July,July,2013,/bulletins/2013/July.pdf
August,August,2013,/bulletins/2013/August.pdf
September,September,2013,/bulletins/2013/September.pdf
October,October,2013,/bulletins/2013/October.pdf
November,November,2013,/bulletins/2013/November.pdf
December,December,2013,/bulletins/2013/December.pdf
January,January,2014,/bulletins/2014/January.pdf
February,February,2014,/bulletins/2014/February.pdf
March,March,2014,/bulletins/2014/March.pdf
April,April,2014,/bulletins/2014/April.pdf
May,May,2014,/bulletins/2014/May.pdf
June,June,2014,/bulletins/2014/June.pdf
July,July,2014,/bulletins/2014/July.pdf
August,August,2014,/bulletins/2014/August.pdf
September,September,2014,/bulletins/2014/September.pdf
October,October,2014,/bulletins/2014/October.pdf
November,November,2014,/bulletins/2014/November.pdf
December,December,2014,/bulletins/2014/December.pdf
January,January,2015,/bulletins/2015/January.pdf
February,February,2015,/bulletins/2015/February.pdf
March,March,2015,/bulletins/2015/March.pdf
April,April,2015,/bulletins/2015/April.pdf
May,May,2015,/bulletins/2015/May.pdf
June,June,2015,/bulletins/2015/June.pdf
July,July,2015,/bulletins/2015/July.pdf
August,August,2015,/bulletins/2015/August.pdf
September,September,2015,/bulletins/2015/September.pdf
October,October,2015,/bulletins/2015/October.pdf
November,November,2015,/bulletins/2015/November.pdf
December,December,2015,/bulletins/2015/December.pdf
January,January,2016,/bulletins/2016/January.pdf
February,February,2016,/bulletins/2016/February.pdf
March,March,2016,/bulletins/2016/March.pdf
April,April,2016,/bulletins/2016/April.pdf
May,May,2016,/bulletins/2016/May.pdf
June,June,2016,/bulletins/2016/June.pdf
July,July,2016,/bulletins/2016/July.pdf
August,August,2016,/bulletins/2016/August.pdf
September,September,2016,/bulletins/2016/September.pdf
October,October,2016,/bulletins/2016/October.pdf
November,November,2016,/bulletins/2016/November.pdf
December,December,2016,/bulletins/2016/December.pdf
January,January,2017,/bulletins/2017/January.pdf
February,February,2017,/bulletins/2017/February.pdf
March,March,2017,/bulletins/2017/March.pdf
April,April,2017,/bulletins/2017/April.pdf
May,May,2017,/bulletins/2017/May.pdf
June,June,2017,/bulletins/2017/June.pdf
July,July,2017,/bulletins/2017/July.pdf
August,August,2017,/bulletins/2017/August.pdf
September,September,2017,/bulletins/2017/September.pdf
October,October,2017,/bulletins/2017/October.pdf
November,November,2017,/bulletins/2017/November.pdf
December,December,2017,/bulletins/2017/December.pdf
January,January,2018,/bulletins/2018/January.pdf
